config,fold,label_index,label_ar,precision,recall,f1,support
bend_only,01,0,ا,0.4642857142857143,0.52,0.49056603773584906,50
bend_only,01,1,ب,0.9615384615384616,0.4807692307692308,0.6410256410256411,52
bend_only,01,2,ت,0.625,1.0,0.7692307692307693,50
bend_only,01,3,ث,0.40476190476190477,0.68,0.5074626865671642,50
bend_only,01,4,ج,0.5617977528089888,1.0,0.7194244604316546,50
bend_only,01,5,ح,0.46551724137931033,0.54,0.5,50
bend_only,01,6,خ,0.4090909090909091,0.9,0.5625,50
bend_only,01,7,د,0.2727272727272727,0.48,0.34782608695652173,50
bend_only,01,8,ذ,0.38461538461538464,0.3,0.33707865168539325,50
bend_only,01,9,ر,1.0,0.86,0.9247311827956989,50
bend_only,01,10,ز,0.0,0.0,0.0,50
bend_only,01,11,س,0.3333333333333333,0.32,0.32653061224489793,50
bend_only,01,12,ش,0.352112676056338,1.0,0.5208333333333334,50
bend_only,01,13,ص,1.0,0.62,0.7654320987654321,50
bend_only,01,14,ض,0.3448275862068966,0.2,0.25316455696202533,50
bend_only,01,15,ط,0.3023255813953488,0.26,0.27956989247311825,50
bend_only,01,16,ظ,1.0,0.3,0.46153846153846156,50
bend_only,01,17,ع,0.5833333333333334,0.42,0.4883720930232558,50
bend_only,01,18,غ,0.4166666666666667,0.6,0.4918032786885246,50
bend_only,01,19,ف,0.6666666666666666,0.6,0.631578947368421,50
bend_only,01,20,ق,1.0,0.06,0.11320754716981132,50
bend_only,01,21,ك,1.0,0.02,0.0392156862745098,50
bend_only,01,22,ل,0.0,0.0,0.0,50
bend_only,01,23,م,0.7142857142857143,0.8,0.7547169811320755,50
bend_only,01,24,ن,0.5769230769230769,0.3,0.39473684210526316,50
bend_only,01,25,ه,1.0,0.36,0.5294117647058824,50
bend_only,01,26,و,0.4827586206896552,0.84,0.6131386861313869,50
bend_only,01,27,ي,0.3220338983050847,0.38,0.3486238532110092,50
bend_only,02,0,ا,0.5263157894736842,0.4,0.45454545454545453,50
bend_only,02,1,ب,0.6197183098591549,0.88,0.7272727272727273,50
bend_only,02,2,ت,0.35454545454545455,0.78,0.4875,50
bend_only,02,3,ث,1.0,0.78,0.8764044943820225,50
bend_only,02,4,ج,0.9642857142857143,0.5294117647058824,0.6835443037974683,51
bend_only,02,5,ح,0.5882352941176471,1.0,0.7407407407407407,50
bend_only,02,6,خ,1.0,1.0,1.0,50
bend_only,02,7,د,0.5833333333333334,0.7,0.6363636363636364,50
bend_only,02,8,ذ,0.6666666666666666,1.0,0.8,50
bend_only,02,9,ر,0.5892857142857143,0.66,0.6226415094339622,50
bend_only,02,10,ز,0.0,0.0,0.0,50
bend_only,02,11,س,0.7560975609756098,0.62,0.6813186813186813,50
bend_only,02,12,ش,0.9285714285714286,0.52,0.6666666666666666,50
bend_only,02,13,ص,1.0,1.0,1.0,50
bend_only,02,14,ض,0.569620253164557,0.9,0.6976744186046512,50
bend_only,02,15,ط,1.0,0.3,0.46153846153846156,50
bend_only,02,16,ظ,0.625,1.0,0.7692307692307693,50
bend_only,02,17,ع,0.96,0.48,0.64,50
bend_only,02,18,غ,1.0,0.94,0.9690721649484536,50
bend_only,02,19,ف,1.0,0.8,0.8888888888888888,50
bend_only,02,20,ق,0.9545454545454546,0.84,0.8936170212765957,50
bend_only,02,21,ك,0.7777777777777778,0.84,0.8076923076923077,50
bend_only,02,22,ل,0.7777777777777778,0.98,0.8672566371681416,50
bend_only,02,23,م,1.0,0.98,0.98989898989899,50
bend_only,02,24,ن,0.8421052631578947,0.32,0.463768115942029,50
bend_only,02,25,ه,0.5,0.44,0.46808510638297873,50
bend_only,02,26,و,1.0,0.74,0.8505747126436781,50
bend_only,02,27,ي,1.0,0.92,0.9583333333333334,50
bend_only,03,0,ا,0.4307692307692308,0.56,0.48695652173913045,50
bend_only,03,1,ب,0.9,0.72,0.8,50
bend_only,03,2,ت,0.9459459459459459,0.7,0.8045977011494253,50
bend_only,03,3,ث,0.9803921568627451,1.0,0.9900990099009901,50
bend_only,03,4,ج,0.5154639175257731,0.8771929824561403,0.6493506493506493,57
bend_only,03,5,ح,0.8,0.5714285714285714,0.6666666666666666,49
bend_only,03,6,خ,0.8333333333333334,0.8,0.8163265306122449,50
bend_only,03,7,د,0.6071428571428571,0.34,0.4358974358974359,50
bend_only,03,8,ذ,0.6125,0.98,0.7538461538461538,50
bend_only,03,9,ر,0.8695652173913043,0.8,0.8333333333333334,50
bend_only,03,10,ز,0.4444444444444444,0.4,0.42105263157894735,50
bend_only,03,11,س,0.8823529411764706,0.3,0.44776119402985076,50
bend_only,03,12,ش,1.0,0.4,0.5714285714285714,50
bend_only,03,13,ص,0.5277777777777778,0.38,0.4418604651162791,50
bend_only,03,14,ض,0.7142857142857143,0.4,0.5128205128205128,50
bend_only,03,15,ط,0.625,0.19607843137254902,0.29850746268656714,51
bend_only,03,16,ظ,0.7692307692307693,1.0,0.8695652173913043,50
bend_only,03,17,ع,0.5333333333333333,0.48,0.5052631578947369,50
bend_only,03,18,غ,0.9090909090909091,0.8,0.851063829787234,50
bend_only,03,19,ف,0.0625,0.02,0.030303030303030304,50
bend_only,03,20,ق,0.4098360655737705,1.0,0.5813953488372093,50
bend_only,03,21,ك,1.0,0.48,0.6486486486486487,50
bend_only,03,22,ل,0.696969696969697,0.9019607843137255,0.7863247863247863,51
bend_only,03,23,م,0.9272727272727272,1.0,0.9622641509433962,51
bend_only,03,24,ن,0.6181818181818182,0.68,0.6476190476190476,50
bend_only,03,25,ه,0.45454545454545453,1.0,0.625,50
bend_only,03,26,و,0.49295774647887325,0.7,0.5785123966942148,50
bend_only,03,27,ي,1.0,0.95,0.9743589743589743,60
bend_spread,01,0,ا,0.6493506493506493,1.0,0.7874015748031497,50
bend_spread,01,1,ب,0.8085106382978723,0.7307692307692307,0.7676767676767676,52
bend_spread,01,2,ت,0.6617647058823529,0.9,0.7627118644067796,50
bend_spread,01,3,ث,0.5,0.78,0.609375,50
bend_spread,01,4,ج,0.6666666666666666,1.0,0.8,50
bend_spread,01,5,ح,0.6590909090909091,0.58,0.6170212765957447,50
bend_spread,01,6,خ,0.5,0.74,0.5967741935483871,50
bend_spread,01,7,د,0.3448275862068966,0.4,0.37037037037037035,50
bend_spread,01,8,ذ,0.5952380952380952,0.5,0.5434782608695652,50
bend_spread,01,9,ر,1.0,0.82,0.9010989010989011,50
bend_spread,01,10,ز,0.4,0.24,0.3,50
bend_spread,01,11,س,0.875,0.56,0.6829268292682927,50
bend_spread,01,12,ش,0.4485981308411215,0.96,0.6114649681528662,50
bend_spread,01,13,ص,0.6024096385542169,1.0,0.7518796992481203,50
bend_spread,01,14,ض,0.16666666666666666,0.04,0.06451612903225806,50
bend_spread,01,15,ط,0.17647058823529413,0.12,0.14285714285714285,50
bend_spread,01,16,ظ,0.4411764705882353,0.3,0.35714285714285715,50
bend_spread,01,17,ع,0.42857142857142855,0.3,0.35294117647058826,50
bend_spread,01,18,غ,0.5849056603773585,0.62,0.6019417475728155,50
bend_spread,01,19,ف,0.4782608695652174,0.44,0.4583333333333333,50
bend_spread,01,20,ق,1.0,0.14,0.24561403508771928,50
bend_spread,01,21,ك,0.7164179104477612,0.96,0.8205128205128205,50
bend_spread,01,22,ل,0.5921052631578947,0.9,0.7142857142857143,50
bend_spread,01,23,م,1.0,0.86,0.9247311827956989,50
bend_spread,01,24,ن,0.6,0.36,0.45,50
bend_spread,01,25,ه,0.7222222222222222,0.26,0.38235294117647056,50
bend_spread,01,26,و,0.7777777777777778,0.7,0.7368421052631579,50
bend_spread,01,27,ي,0.6521739130434783,0.6,0.625,50
bend_spread,02,0,ا,0.8333333333333334,0.6,0.6976744186046512,50
bend_spread,02,1,ب,0.6885245901639344,0.84,0.7567567567567568,50
bend_spread,02,2,ت,0.2823529411764706,0.48,0.35555555555555557,50
bend_spread,02,3,ث,0.8108108108108109,0.6,0.6896551724137931,50
bend_spread,02,4,ج,1.0,0.4117647058823529,0.5833333333333334,51
bend_spread,02,5,ح,0.9361702127659575,0.88,0.9072164948453608,50
bend_spread,02,6,خ,0.7246376811594203,1.0,0.8403361344537815,50
bend_spread,02,7,د,0.5737704918032787,0.7,0.6306306306306306,50
bend_spread,02,8,ذ,0.72,0.72,0.72,50
bend_spread,02,9,ر,0.6595744680851063,0.62,0.6391752577319587,50
bend_spread,02,10,ز,0.022727272727272728,0.02,0.02127659574468085,50
bend_spread,02,11,س,0.6756756756756757,1.0,0.8064516129032258,50
bend_spread,02,12,ش,0.9767441860465116,0.84,0.9032258064516129,50
bend_spread,02,13,ص,0.8545454545454545,0.94,0.8952380952380953,50
bend_spread,02,14,ض,0.6363636363636364,0.7,0.6666666666666666,50
bend_spread,02,15,ط,0.22826086956521738,0.42,0.29577464788732394,50
bend_spread,02,16,ظ,0.5116279069767442,0.44,0.4731182795698925,50
bend_spread,02,17,ع,0.46153846153846156,0.48,0.47058823529411764,50
bend_spread,02,18,غ,1.0,0.7,0.8235294117647058,50
bend_spread,02,19,ف,0.9444444444444444,0.68,0.7906976744186046,50
bend_spread,02,20,ق,1.0,0.98,0.98989898989899,50
bend_spread,02,21,ك,0.8214285714285714,0.92,0.8679245283018868,50
bend_spread,02,22,ل,0.9714285714285714,0.68,0.8,50
bend_spread,02,23,م,0.8333333333333334,1.0,0.9090909090909091,50
bend_spread,02,24,ن,0.9375,0.3,0.45454545454545453,50
bend_spread,02,25,ه,0.9787234042553191,0.92,0.9484536082474226,50
bend_spread,02,26,و,0.8888888888888888,0.8,0.8421052631578947,50
bend_spread,02,27,ي,1.0,1.0,1.0,50
bend_spread,03,0,ا,0.64,0.32,0.4266666666666667,50
bend_spread,03,1,ب,0.5151515151515151,0.68,0.5862068965517241,50
bend_spread,03,2,ت,0.9444444444444444,0.34,0.5,50
bend_spread,03,3,ث,1.0,0.18,0.3050847457627119,50
bend_spread,03,4,ج,0.2905982905982906,0.5964912280701754,0.39080459770114945,57
bend_spread,03,5,ح,0.5964912280701754,0.6938775510204082,0.6415094339622641,49
bend_spread,03,6,خ,0.8095238095238095,0.68,0.7391304347826086,50
bend_spread,03,7,د,0.7142857142857143,0.2,0.3125,50
bend_spread,03,8,ذ,0.4578313253012048,0.76,0.5714285714285714,50
bend_spread,03,9,ر,0.7258064516129032,0.9,0.8035714285714286,50
bend_spread,03,10,ز,0.3023255813953488,0.26,0.27956989247311825,50
bend_spread,03,11,س,1.0,0.3,0.46153846153846156,50
bend_spread,03,12,ش,1.0,0.3,0.46153846153846156,50
bend_spread,03,13,ص,0.7692307692307693,0.2,0.31746031746031744,50
bend_spread,03,14,ض,0.7543859649122807,0.86,0.8037383177570093,50
bend_spread,03,15,ط,0.34782608695652173,0.3137254901960784,0.32989690721649484,51
bend_spread,03,16,ظ,0.9166666666666666,0.22,0.3548387096774194,50
bend_spread,03,17,ع,0.2708333333333333,0.52,0.3561643835616438,50
bend_spread,03,18,غ,0.7592592592592593,0.82,0.7884615384615384,50
bend_spread,03,19,ف,0.3106796116504854,0.64,0.41830065359477125,50
bend_spread,03,20,ق,0.6666666666666666,1.0,0.8,50
bend_spread,03,21,ك,1.0,0.18,0.3050847457627119,50
bend_spread,03,22,ل,1.0,0.21568627450980393,0.3548387096774194,51
bend_spread,03,23,م,0.8360655737704918,1.0,0.9107142857142857,51
bend_spread,03,24,ن,0.38461538461538464,0.8,0.5194805194805194,50
bend_spread,03,25,ه,0.47959183673469385,0.94,0.6351351351351351,50
bend_spread,03,26,و,0.31746031746031744,0.4,0.35398230088495575,50
bend_spread,03,27,ي,0.9803921568627451,0.8333333333333334,0.9009009009009009,60
full_absolute_masked_mean,01,0,ا,1.0,0.38,0.5507246376811594,50
full_absolute_masked_mean,01,1,ب,0.9545454545454546,0.40384615384615385,0.5675675675675675,52
full_absolute_masked_mean,01,2,ت,0.6666666666666666,0.72,0.6923076923076923,50
full_absolute_masked_mean,01,3,ث,0.9230769230769231,0.48,0.631578947368421,50
full_absolute_masked_mean,01,4,ج,0.9318181818181818,0.82,0.8723404255319149,50
full_absolute_masked_mean,01,5,ح,0.75,0.54,0.627906976744186,50
full_absolute_masked_mean,01,6,خ,0.4351851851851852,0.94,0.5949367088607594,50
full_absolute_masked_mean,01,7,د,0.3728813559322034,0.44,0.4036697247706422,50
full_absolute_masked_mean,01,8,ذ,0.6,0.3,0.4,50
full_absolute_masked_mean,01,9,ر,0.9117647058823529,0.62,0.7380952380952381,50
full_absolute_masked_mean,01,10,ز,0.5555555555555556,0.1,0.1694915254237288,50
full_absolute_masked_mean,01,11,س,0.5147058823529411,0.7,0.5932203389830508,50
full_absolute_masked_mean,01,12,ش,0.5102040816326531,1.0,0.6756756756756757,50
full_absolute_masked_mean,01,13,ص,0.8490566037735849,0.9,0.8737864077669902,50
full_absolute_masked_mean,01,14,ض,0.09090909090909091,0.04,0.05555555555555555,50
full_absolute_masked_mean,01,15,ط,0.08888888888888889,0.08,0.08421052631578947,50
full_absolute_masked_mean,01,16,ظ,0.484375,0.62,0.543859649122807,50
full_absolute_masked_mean,01,17,ع,1.0,0.52,0.6842105263157895,50
full_absolute_masked_mean,01,18,غ,0.5769230769230769,0.6,0.5882352941176471,50
full_absolute_masked_mean,01,19,ف,0.4225352112676056,0.6,0.49586776859504134,50
full_absolute_masked_mean,01,20,ق,1.0,0.1,0.18181818181818182,50
full_absolute_masked_mean,01,21,ك,0.0,0.0,0.0,50
full_absolute_masked_mean,01,22,ل,0.4672897196261682,1.0,0.6369426751592356,50
full_absolute_masked_mean,01,23,م,0.8928571428571429,1.0,0.9433962264150944,50
full_absolute_masked_mean,01,24,ن,0.75,0.54,0.627906976744186,50
full_absolute_masked_mean,01,25,ه,0.35051546391752575,0.68,0.46258503401360546,50
full_absolute_masked_mean,01,26,و,1.0,0.8,0.8888888888888888,50
full_absolute_masked_mean,01,27,ي,0.48514851485148514,0.98,0.6490066225165563,50
full_absolute_masked_mean,02,0,ا,1.0,0.16,0.27586206896551724,50
full_absolute_masked_mean,02,1,ب,0.6,0.48,0.5333333333333333,50
full_absolute_masked_mean,02,2,ت,0.5555555555555556,0.8,0.6557377049180327,50
full_absolute_masked_mean,02,3,ث,0.8571428571428571,0.96,0.9056603773584906,50
full_absolute_masked_mean,02,4,ج,0.9615384615384616,0.9803921568627451,0.970873786407767,51
full_absolute_masked_mean,02,5,ح,0.8275862068965517,0.96,0.8888888888888888,50
full_absolute_masked_mean,02,6,خ,0.5942028985507246,0.82,0.6890756302521008,50
full_absolute_masked_mean,02,7,د,0.5211267605633803,0.74,0.6115702479338843,50
full_absolute_masked_mean,02,8,ذ,0.8928571428571429,1.0,0.9433962264150944,50
full_absolute_masked_mean,02,9,ر,0.9473684210526315,0.36,0.5217391304347826,50
full_absolute_masked_mean,02,10,ز,0.3877551020408163,0.38,0.3838383838383838,50
full_absolute_masked_mean,02,11,س,0.847457627118644,1.0,0.9174311926605505,50
full_absolute_masked_mean,02,12,ش,1.0,0.66,0.7951807228915663,50
full_absolute_masked_mean,02,13,ص,0.6666666666666666,1.0,0.8,50
full_absolute_masked_mean,02,14,ض,0.6222222222222222,0.56,0.5894736842105263,50
full_absolute_masked_mean,02,15,ط,0.4,0.72,0.5142857142857142,50
full_absolute_masked_mean,02,16,ظ,0.38461538461538464,0.3,0.33707865168539325,50
full_absolute_masked_mean,02,17,ع,0.9705882352941176,0.66,0.7857142857142857,50
full_absolute_masked_mean,02,18,غ,1.0,0.84,0.9130434782608695,50
full_absolute_masked_mean,02,19,ف,0.9375,0.6,0.7317073170731707,50
full_absolute_masked_mean,02,20,ق,0.6521739130434783,0.9,0.7563025210084033,50
full_absolute_masked_mean,02,21,ك,1.0,0.98,0.98989898989899,50
full_absolute_masked_mean,02,22,ل,1.0,0.54,0.7012987012987013,50
full_absolute_masked_mean,02,23,م,1.0,1.0,1.0,50
full_absolute_masked_mean,02,24,ن,0.6129032258064516,0.38,0.4691358024691358,50
full_absolute_masked_mean,02,25,ه,1.0,1.0,1.0,50
full_absolute_masked_mean,02,26,و,0.6447368421052632,0.98,0.7777777777777778,50
full_absolute_masked_mean,02,27,ي,1.0,1.0,1.0,50
full_absolute_masked_mean,03,0,ا,0.676923076923077,0.88,0.7652173913043478,50
full_absolute_masked_mean,03,1,ب,0.58,0.58,0.58,50
full_absolute_masked_mean,03,2,ت,0.5555555555555556,0.5,0.5263157894736842,50
full_absolute_masked_mean,03,3,ث,0.5490196078431373,0.56,0.5544554455445545,50
full_absolute_masked_mean,03,4,ج,0.6575342465753424,0.8421052631578947,0.7384615384615385,57
full_absolute_masked_mean,03,5,ح,0.6222222222222222,0.5714285714285714,0.5957446808510638,49
full_absolute_masked_mean,03,6,خ,0.975,0.78,0.8666666666666667,50
full_absolute_masked_mean,03,7,د,0.9761904761904762,0.82,0.8913043478260869,50
full_absolute_masked_mean,03,8,ذ,0.7674418604651163,0.66,0.7096774193548387,50
full_absolute_masked_mean,03,9,ر,0.5747126436781609,1.0,0.7299270072992701,50
full_absolute_masked_mean,03,10,ز,0.4666666666666667,0.84,0.6,50
full_absolute_masked_mean,03,11,س,1.0,0.46,0.6301369863013698,50
full_absolute_masked_mean,03,12,ش,1.0,0.48,0.6486486486486487,50
full_absolute_masked_mean,03,13,ص,0.5806451612903226,0.36,0.4444444444444444,50
full_absolute_masked_mean,03,14,ض,0.6764705882352942,0.92,0.7796610169491526,50
full_absolute_masked_mean,03,15,ط,0.6052631578947368,0.45098039215686275,0.5168539325842697,51
full_absolute_masked_mean,03,16,ظ,0.9487179487179487,0.74,0.8314606741573034,50
full_absolute_masked_mean,03,17,ع,0.7352941176470589,1.0,0.847457627118644,50
full_absolute_masked_mean,03,18,غ,0.9523809523809523,0.8,0.8695652173913043,50
full_absolute_masked_mean,03,19,ف,0.7727272727272727,0.34,0.4722222222222222,50
full_absolute_masked_mean,03,20,ق,0.6756756756756757,1.0,0.8064516129032258,50
full_absolute_masked_mean,03,21,ك,0.7,0.98,0.8166666666666667,50
full_absolute_masked_mean,03,22,ل,0.8333333333333334,0.29411764705882354,0.43478260869565216,51
full_absolute_masked_mean,03,23,م,1.0,1.0,1.0,51
full_absolute_masked_mean,03,24,ن,0.546875,0.7,0.6140350877192983,50
full_absolute_masked_mean,03,25,ه,1.0,1.0,1.0,50
full_absolute_masked_mean,03,26,و,0.6046511627906976,0.52,0.5591397849462365,50
full_absolute_masked_mean,03,27,ي,0.9523809523809523,1.0,0.975609756097561,60
full_relative_masked_mean,01,0,ا,0.8064516129032258,1.0,0.8928571428571429,50
full_relative_masked_mean,01,1,ب,0.967741935483871,0.5769230769230769,0.7228915662650602,52
full_relative_masked_mean,01,2,ت,0.5875,0.94,0.7230769230769231,50
full_relative_masked_mean,01,3,ث,0.9655172413793104,0.56,0.7088607594936709,50
full_relative_masked_mean,01,4,ج,0.6024096385542169,1.0,0.7518796992481203,50
full_relative_masked_mean,01,5,ح,0.5102040816326531,0.5,0.5050505050505051,50
full_relative_masked_mean,01,6,خ,0.6097560975609756,1.0,0.7575757575757576,50
full_relative_masked_mean,01,7,د,0.2815533980582524,0.58,0.3790849673202614,50
full_relative_masked_mean,01,8,ذ,0.5681818181818182,0.5,0.5319148936170213,50
full_relative_masked_mean,01,9,ر,1.0,0.38,0.5507246376811594,50
full_relative_masked_mean,01,10,ز,0.39473684210526316,0.3,0.3409090909090909,50
full_relative_masked_mean,01,11,س,0.6097560975609756,0.5,0.5494505494505495,50
full_relative_masked_mean,01,12,ش,0.5057471264367817,0.88,0.6423357664233577,50
full_relative_masked_mean,01,13,ص,0.6274509803921569,0.64,0.6336633663366337,50
full_relative_masked_mean,01,14,ض,0.16666666666666666,0.06,0.08823529411764706,50
full_relative_masked_mean,01,15,ط,0.3939393939393939,0.26,0.3132530120481928,50
full_relative_masked_mean,01,16,ظ,0.5535714285714286,0.62,0.5849056603773585,50
full_relative_masked_mean,01,17,ع,0.4444444444444444,0.32,0.37209302325581395,50
full_relative_masked_mean,01,18,غ,0.98,0.98,0.98,50
full_relative_masked_mean,01,19,ف,0.4186046511627907,0.36,0.3870967741935484,50
full_relative_masked_mean,01,20,ق,1.0,0.18,0.3050847457627119,50
full_relative_masked_mean,01,21,ك,1.0,0.82,0.9010989010989011,50
full_relative_masked_mean,01,22,ل,0.49333333333333335,0.74,0.592,50
full_relative_masked_mean,01,23,م,1.0,0.42,0.5915492957746479,50
full_relative_masked_mean,01,24,ن,0.5357142857142857,0.3,0.38461538461538464,50
full_relative_masked_mean,01,25,ه,0.5454545454545454,0.6,0.5714285714285714,50
full_relative_masked_mean,01,26,و,0.49382716049382713,0.8,0.6106870229007634,50
full_relative_masked_mean,01,27,ي,0.42105263157894735,0.48,0.4485981308411215,50
full_relative_masked_mean,02,0,ا,1.0,0.22,0.36065573770491804,50
full_relative_masked_mean,02,1,ب,0.4594594594594595,0.34,0.39080459770114945,50
full_relative_masked_mean,02,2,ت,0.2676056338028169,0.38,0.3140495867768595,50
full_relative_masked_mean,02,3,ث,1.0,0.74,0.8505747126436781,50
full_relative_masked_mean,02,4,ج,1.0,0.4117647058823529,0.5833333333333334,51
full_relative_masked_mean,02,5,ح,0.6716417910447762,0.9,0.7692307692307693,50
full_relative_masked_mean,02,6,خ,0.9090909090909091,1.0,0.9523809523809523,50
full_relative_masked_mean,02,7,د,0.582089552238806,0.78,0.6666666666666666,50
full_relative_masked_mean,02,8,ذ,0.7272727272727273,0.8,0.7619047619047619,50
full_relative_masked_mean,02,9,ر,0.5540540540540541,0.82,0.6612903225806451,50
full_relative_masked_mean,02,10,ز,0.21818181818181817,0.24,0.22857142857142856,50
full_relative_masked_mean,02,11,س,0.9210526315789473,0.7,0.7954545454545454,50
full_relative_masked_mean,02,12,ش,1.0,0.88,0.9361702127659575,50
full_relative_masked_mean,02,13,ص,0.8333333333333334,1.0,0.9090909090909091,50
full_relative_masked_mean,02,14,ض,0.524390243902439,0.86,0.6515151515151515,50
full_relative_masked_mean,02,15,ط,0.24691358024691357,0.4,0.3053435114503817,50
full_relative_masked_mean,02,16,ظ,0.5555555555555556,0.5,0.5263157894736842,50
full_relative_masked_mean,02,17,ع,0.6,0.48,0.5333333333333333,50
full_relative_masked_mean,02,18,غ,1.0,1.0,1.0,50
full_relative_masked_mean,02,19,ف,1.0,0.8,0.8888888888888888,50
full_relative_masked_mean,02,20,ق,1.0,0.98,0.98989898989899,50
full_relative_masked_mean,02,21,ك,0.8,0.96,0.8727272727272727,50
full_relative_masked_mean,02,22,ل,1.0,0.54,0.7012987012987013,50
full_relative_masked_mean,02,23,م,0.8064516129032258,1.0,0.8928571428571429,50
full_relative_masked_mean,02,24,ن,0.7727272727272727,0.34,0.4722222222222222,50
full_relative_masked_mean,02,25,ه,0.7777777777777778,0.98,0.8672566371681416,50
full_relative_masked_mean,02,26,و,1.0,0.76,0.8636363636363636,50
full_relative_masked_mean,02,27,ي,1.0,1.0,1.0,50
full_relative_masked_mean,03,0,ا,0.9259259259259259,0.5,0.6493506493506493,50
full_relative_masked_mean,03,1,ب,0.3157894736842105,0.48,0.38095238095238093,50
full_relative_masked_mean,03,2,ت,0.6923076923076923,0.18,0.2857142857142857,50
full_relative_masked_mean,03,3,ث,0.75,0.84,0.7924528301886793,50
full_relative_masked_mean,03,4,ج,0.625,0.7017543859649122,0.6611570247933884,57
full_relative_masked_mean,03,5,ح,0.44680851063829785,0.42857142857142855,0.4375,49
full_relative_masked_mean,03,6,خ,1.0,0.6,0.75,50
full_relative_masked_mean,03,7,د,1.0,0.08,0.14814814814814814,50
full_relative_masked_mean,03,8,ذ,0.3484848484848485,0.46,0.39655172413793105,50
full_relative_masked_mean,03,9,ر,0.8,0.96,0.8727272727272727,50
full_relative_masked_mean,03,10,ز,0.35185185185185186,0.38,0.36538461538461536,50
full_relative_masked_mean,03,11,س,0.7,0.42,0.525,50
full_relative_masked_mean,03,12,ش,0.9285714285714286,0.52,0.6666666666666666,50
full_relative_masked_mean,03,13,ص,0.5789473684210527,0.22,0.3188405797101449,50
full_relative_masked_mean,03,14,ض,0.6349206349206349,0.8,0.7079646017699115,50
full_relative_masked_mean,03,15,ط,0.8333333333333334,0.19607843137254902,0.31746031746031744,51
full_relative_masked_mean,03,16,ظ,0.7758620689655172,0.9,0.8333333333333334,50
full_relative_masked_mean,03,17,ع,0.5588235294117647,0.38,0.4523809523809524,50
full_relative_masked_mean,03,18,غ,0.8292682926829268,0.68,0.7472527472527473,50
full_relative_masked_mean,03,19,ف,0.27450980392156865,0.28,0.27722772277227725,50
full_relative_masked_mean,03,20,ق,0.4854368932038835,1.0,0.6535947712418301,50
full_relative_masked_mean,03,21,ك,0.4642857142857143,0.78,0.582089552238806,50
full_relative_masked_mean,03,22,ل,0.6122448979591837,0.5882352941176471,0.6,51
full_relative_masked_mean,03,23,م,0.7611940298507462,1.0,0.864406779661017,51
full_relative_masked_mean,03,24,ن,0.43617021276595747,0.82,0.5694444444444444,50
full_relative_masked_mean,03,25,ه,0.6904761904761905,0.58,0.6304347826086957,50
full_relative_masked_mean,03,26,و,0.40229885057471265,0.7,0.5109489051094891,50
full_relative_masked_mean,03,27,ي,1.0,1.0,1.0,60
full_absolute_final_hidden,01,0,ا,0.8620689655172413,1.0,0.9259259259259259,50
full_absolute_final_hidden,01,1,ب,0.696969696969697,0.8846153846153846,0.7796610169491526,52
full_absolute_final_hidden,01,2,ت,0.5681818181818182,1.0,0.7246376811594203,50
full_absolute_final_hidden,01,3,ث,0.6727272727272727,0.74,0.7047619047619048,50
full_absolute_final_hidden,01,4,ج,0.88,0.88,0.88,50
full_absolute_final_hidden,01,5,ح,0.8461538461538461,0.44,0.5789473684210527,50
full_absolute_final_hidden,01,6,خ,0.6567164179104478,0.88,0.7521367521367521,50
full_absolute_final_hidden,01,7,د,0.7073170731707317,0.58,0.6373626373626373,50
full_absolute_final_hidden,01,8,ذ,0.5434782608695652,0.5,0.5208333333333334,50
full_absolute_final_hidden,01,9,ر,0.7205882352941176,0.98,0.8305084745762712,50
full_absolute_final_hidden,01,10,ز,0.4444444444444444,0.16,0.23529411764705882,50
full_absolute_final_hidden,01,11,س,1.0,0.64,0.7804878048780488,50
full_absolute_final_hidden,01,12,ش,0.390625,1.0,0.5617977528089888,50
full_absolute_final_hidden,01,13,ص,0.6282051282051282,0.98,0.765625,50
full_absolute_final_hidden,01,14,ض,1.0,0.32,0.48484848484848486,50
full_absolute_final_hidden,01,15,ط,0.2,0.16,0.17777777777777778,50
full_absolute_final_hidden,01,16,ظ,0.6571428571428571,0.46,0.5411764705882353,50
full_absolute_final_hidden,01,17,ع,0.6111111111111112,0.44,0.5116279069767442,50
full_absolute_final_hidden,01,18,غ,0.49504950495049505,1.0,0.6622516556291391,50
full_absolute_final_hidden,01,19,ف,0.29411764705882354,0.2,0.23809523809523808,50
full_absolute_final_hidden,01,20,ق,0.0,0.0,0.0,50
full_absolute_final_hidden,01,21,ك,0.0,0.0,0.0,50
full_absolute_final_hidden,01,22,ل,0.46296296296296297,1.0,0.6329113924050633,50
full_absolute_final_hidden,01,23,م,0.9545454545454546,0.84,0.8936170212765957,50
full_absolute_final_hidden,01,24,ن,0.6666666666666666,0.52,0.5842696629213483,50
full_absolute_final_hidden,01,25,ه,0.9,0.36,0.5142857142857142,50
full_absolute_final_hidden,01,26,و,0.9743589743589743,0.76,0.8539325842696629,50
full_absolute_final_hidden,01,27,ي,0.9423076923076923,0.98,0.9607843137254902,50
full_absolute_final_hidden,02,0,ا,1.0,0.4,0.5714285714285714,50
full_absolute_final_hidden,02,1,ب,0.3490566037735849,0.74,0.47435897435897434,50
full_absolute_final_hidden,02,2,ت,0.38095238095238093,0.8,0.5161290322580645,50
full_absolute_final_hidden,02,3,ث,0.7142857142857143,0.4,0.5128205128205128,50
full_absolute_final_hidden,02,4,ج,0.8928571428571429,0.9803921568627451,0.9345794392523364,51
full_absolute_final_hidden,02,5,ح,0.5542168674698795,0.92,0.6917293233082706,50
full_absolute_final_hidden,02,6,خ,1.0,0.4,0.5714285714285714,50
full_absolute_final_hidden,02,7,د,0.2542372881355932,0.3,0.27522935779816515,50
full_absolute_final_hidden,02,8,ذ,0.35294117647058826,0.36,0.3564356435643564,50
full_absolute_final_hidden,02,9,ر,0.3783783783783784,0.28,0.3218390804597701,50
full_absolute_final_hidden,02,10,ز,0.3103448275862069,0.36,0.3333333333333333,50
full_absolute_final_hidden,02,11,س,1.0,0.4,0.5714285714285714,50
full_absolute_final_hidden,02,12,ش,0.38596491228070173,0.44,0.411214953271028,50
full_absolute_final_hidden,02,13,ص,0.8064516129032258,1.0,0.8928571428571429,50
full_absolute_final_hidden,02,14,ض,0.4318181818181818,0.38,0.40425531914893614,50
full_absolute_final_hidden,02,15,ط,0.2222222222222222,0.56,0.3181818181818182,50
full_absolute_final_hidden,02,16,ظ,0.16666666666666666,0.04,0.06451612903225806,50
full_absolute_final_hidden,02,17,ع,0.825,0.66,0.7333333333333333,50
full_absolute_final_hidden,02,18,غ,1.0,0.7,0.8235294117647058,50
full_absolute_final_hidden,02,19,ف,0.5357142857142857,0.6,0.5660377358490566,50
full_absolute_final_hidden,02,20,ق,0.7575757575757576,1.0,0.8620689655172413,50
full_absolute_final_hidden,02,21,ك,1.0,0.3,0.46153846153846156,50
full_absolute_final_hidden,02,22,ل,1.0,0.22,0.36065573770491804,50
full_absolute_final_hidden,02,23,م,1.0,0.98,0.98989898989899,50
full_absolute_final_hidden,02,24,ن,0.0,0.0,0.0,50
full_absolute_final_hidden,02,25,ه,0.49,0.98,0.6533333333333333,50
full_absolute_final_hidden,02,26,و,0.975609756097561,0.8,0.8791208791208791,50
full_absolute_final_hidden,02,27,ي,1.0,0.6,0.75,50
full_absolute_final_hidden,03,0,ا,0.5393258426966292,0.96,0.6906474820143885,50
full_absolute_final_hidden,03,1,ب,0.9523809523809523,0.4,0.5633802816901409,50
full_absolute_final_hidden,03,2,ت,0.8333333333333334,0.6,0.6976744186046512,50
full_absolute_final_hidden,03,3,ث,1.0,0.9,0.9473684210526315,50
full_absolute_final_hidden,03,4,ج,0.7755102040816326,0.6666666666666666,0.7169811320754716,57
full_absolute_final_hidden,03,5,ح,0.6481481481481481,0.7142857142857143,0.6796116504854369,49
full_absolute_final_hidden,03,6,خ,1.0,0.8,0.8888888888888888,50
full_absolute_final_hidden,03,7,د,0.8148148148148148,0.88,0.8461538461538461,50
full_absolute_final_hidden,03,8,ذ,0.6507936507936508,0.82,0.7256637168141593,50
full_absolute_final_hidden,03,9,ر,0.8541666666666666,0.82,0.8367346938775511,50
full_absolute_final_hidden,03,10,ز,0.625,0.7,0.660377358490566,50
full_absolute_final_hidden,03,11,س,1.0,0.8,0.8888888888888888,50
full_absolute_final_hidden,03,12,ش,0.8214285714285714,0.92,0.8679245283018868,50
full_absolute_final_hidden,03,13,ص,0.5833333333333334,0.28,0.3783783783783784,50
full_absolute_final_hidden,03,14,ض,0.6024096385542169,1.0,0.7518796992481203,50
full_absolute_final_hidden,03,15,ط,0.5882352941176471,0.19607843137254902,0.29411764705882354,51
full_absolute_final_hidden,03,16,ظ,0.6493506493506493,1.0,0.7874015748031497,50
full_absolute_final_hidden,03,17,ع,0.7843137254901961,0.8,0.7920792079207921,50
full_absolute_final_hidden,03,18,غ,0.851063829787234,0.8,0.8247422680412371,50
full_absolute_final_hidden,03,19,ف,0.9444444444444444,0.34,0.5,50
full_absolute_final_hidden,03,20,ق,0.7246376811594203,1.0,0.8403361344537815,50
full_absolute_final_hidden,03,21,ك,1.0,1.0,1.0,50
full_absolute_final_hidden,03,22,ل,0.7352941176470589,0.9803921568627451,0.8403361344537815,51
full_absolute_final_hidden,03,23,م,0.9807692307692307,1.0,0.9902912621359223,51
full_absolute_final_hidden,03,24,ن,0.62,0.62,0.62,50
full_absolute_final_hidden,03,25,ه,0.9259259259259259,1.0,0.9615384615384616,50
full_absolute_final_hidden,03,26,و,0.5833333333333334,0.56,0.5714285714285714,50
full_absolute_final_hidden,03,27,ي,0.9666666666666667,0.9666666666666667,0.9666666666666667,60
